complaint,otc_medicines_usually_used,ayurvedic_option,form,how_used,caution,see_a_doctor_if,source
Acidity / heartburn after meals,"Antacids (aluminium hydroxide, magnesium hydroxide, calcium carbonate, sodium bicarbonate); OTC acid reducers (famotidine, omeprazole 20 mg)",Avipattikara churna,Powder,internal,"About half sugar by weight; count it if you watch blood sugar. Laxative. Not for long-term use, children or pregnancy without a doctor's advice. Dose: ask a qualified Ayurvedic doctor.","chest pain, vomiting blood, black stools, trouble swallowing, weight loss, or symptoms beyond 2 weeks","Ministry of AYUSH, Ayurvedic Standard Treatment Guidelines (2017), Amlapitta, Table 3.1. https://main.ayush.gov.in/ayurvedic-standard-treatment-guidelines/"
Acidity / heartburn after meals,"Antacids (aluminium hydroxide, magnesium hydroxide, calcium carbonate, sodium bicarbonate); OTC acid reducers (famotidine, omeprazole 20 mg)",Yashtimadhu churna,Powder,internal,"Contains licorice (mulethi): can raise blood pressure and lower potassium. Avoid with BP or heart medicines, water tablets, steroids, and in pregnancy. Dose: ask a qualified Ayurvedic doctor.","chest pain, vomiting blood, black stools, trouble swallowing, weight loss, or symptoms beyond 2 weeks","Ministry of AYUSH, Ayurvedic Standard Treatment Guidelines (2017), Amlapitta, Table 3.1. https://main.ayush.gov.in/ayurvedic-standard-treatment-guidelines/"
Acidity / heartburn after meals,"Antacids (aluminium hydroxide, magnesium hydroxide, calcium carbonate, sodium bicarbonate); OTC acid reducers (famotidine, omeprazole 20 mg)",Amalaki churna,Powder,internal,Amla may add to the effect of blood thinners and diabetes medicines. Dose: ask a qualified Ayurvedic doctor.,"chest pain, vomiting blood, black stools, trouble swallowing, weight loss, or symptoms beyond 2 weeks","Ministry of AYUSH, Ayurvedic Standard Treatment Guidelines (2017), Amlapitta, Table 3.1. https://main.ayush.gov.in/ayurvedic-standard-treatment-guidelines/"
Acidity / heartburn after meals,"Antacids (aluminium hydroxide, magnesium hydroxide, calcium carbonate, sodium bicarbonate); OTC acid reducers (famotidine, omeprazole 20 mg)",Shunthi churna,Powder,internal,Ginger may add to the effect of blood thinners. Dose: ask a qualified Ayurvedic doctor.,"chest pain, vomiting blood, black stools, trouble swallowing, weight loss, or symptoms beyond 2 weeks","Ministry of AYUSH, Ayurvedic Standard Treatment Guidelines (2017), Amlapitta, Table 3.1. https://main.ayush.gov.in/ayurvedic-standard-treatment-guidelines/"
Acidity / heartburn after meals,"Antacids (aluminium hydroxide, magnesium hydroxide, calcium carbonate, sodium bicarbonate); OTC acid reducers (famotidine, omeprazole 20 mg)",Hingwashtaka churna,Powder,internal,"Contains asafoetida: not for infants or in pregnancy. Contains pepper/long pepper (piperine), which can change blood levels of many prescription medicines. Ask a pharmacist if you take any. Dose: ask a qualified Ayurvedic doctor.","chest pain, vomiting blood, black stools, trouble swallowing, weight loss, or symptoms beyond 2 weeks","Ministry of AYUSH, Ayurvedic Standard Treatment Guidelines (2017), Amlapitta, Table 3.1. https://main.ayush.gov.in/ayurvedic-standard-treatment-guidelines/"
Acidity / heartburn after meals,"Antacids (aluminium hydroxide, magnesium hydroxide, calcium carbonate, sodium bicarbonate); OTC acid reducers (famotidine, omeprazole 20 mg)",Shivakshara pachana churna,Powder,internal,Little safety research exists; avoid in pregnancy and check with a doctor if you take regular medicines. Dose: ask a qualified Ayurvedic doctor.,"chest pain, vomiting blood, black stools, trouble swallowing, weight loss, or symptoms beyond 2 weeks","Ministry of AYUSH, Ayurvedic Standard Treatment Guidelines (2017), Amlapitta, Table 3.1. https://main.ayush.gov.in/ayurvedic-standard-treatment-guidelines/"
Occasional constipation,"Bisacodyl, senna (sennosides), lactulose, polyethylene glycol 3350, docusate, psyllium",Triphala churna,Powder,internal,"Laxative. Not for long-term use, children or pregnancy without a doctor's advice. Dose: ask a qualified Ayurvedic doctor.","blood in stool, severe belly pain, weight loss, or no improvement in 2 weeks","Ministry of AYUSH, Ayurvedic Standard Treatment Guidelines (2017), Arsha Table 13.2; Parikartika Table 17.1; Mukhapaka Table 36.1. https://main.ayush.gov.in/ayurvedic-standard-treatment-guidelines/"
Occasional constipation,"Bisacodyl, senna (sennosides), lactulose, polyethylene glycol 3350, docusate, psyllium",Haritaki churna,Powder,internal,"Laxative. Not for long-term use, children or pregnancy without a doctor's advice. Dose: ask a qualified Ayurvedic doctor.","blood in stool, severe belly pain, weight loss, or no improvement in 2 weeks","Ministry of AYUSH, Ayurvedic Standard Treatment Guidelines (2017), Arsha Table 13.2; Parikartika Table 17.1; Mukhapaka Table 36.1. https://main.ayush.gov.in/ayurvedic-standard-treatment-guidelines/"
Occasional constipation,"Bisacodyl, senna (sennosides), lactulose, polyethylene glycol 3350, docusate, psyllium",Draksha (dried black raisins),Dried fruit,internal,No specific caution found; avoid in pregnancy unless a doctor advises. Dose: ask a qualified Ayurvedic doctor.,"blood in stool, severe belly pain, weight loss, or no improvement in 2 weeks","Ministry of AYUSH, Ayurvedic Standard Treatment Guidelines (2017), Arsha Table 13.2; Parikartika Table 17.1; Mukhapaka Table 36.1. https://main.ayush.gov.in/ayurvedic-standard-treatment-guidelines/"
Occasional constipation,"Bisacodyl, senna (sennosides), lactulose, polyethylene glycol 3350, docusate, psyllium",Aragvadha churna,Powder,internal,"Laxative. Not for long-term use, children or pregnancy without a doctor's advice. Dose: ask a qualified Ayurvedic doctor.","blood in stool, severe belly pain, weight loss, or no improvement in 2 weeks","Ministry of AYUSH, Ayurvedic Standard Treatment Guidelines (2017), Arsha Table 13.2; Parikartika Table 17.1; Mukhapaka Table 36.1. https://main.ayush.gov.in/ayurvedic-standard-treatment-guidelines/"
Occasional constipation,"Bisacodyl, senna (sennosides), lactulose, polyethylene glycol 3350, docusate, psyllium",Avipattikara churna,Powder,internal,"About half sugar by weight; count it if you watch blood sugar. Laxative. Not for long-term use, children or pregnancy without a doctor's advice. Dose: ask a qualified Ayurvedic doctor.","blood in stool, severe belly pain, weight loss, or no improvement in 2 weeks","Ministry of AYUSH, Ayurvedic Standard Treatment Guidelines (2017), Arsha Table 13.2; Parikartika Table 17.1; Mukhapaka Table 36.1. https://main.ayush.gov.in/ayurvedic-standard-treatment-guidelines/"
Occasional constipation,"Bisacodyl, senna (sennosides), lactulose, polyethylene glycol 3350, docusate, psyllium",Swadishta virechana churna,Powder,internal,"Senna-based laxative. Not in pregnancy, breastfeeding or under 12; not for long-term use. Contains licorice (mulethi): can raise blood pressure and lower potassium. Avoid with BP or heart medicines, water tablets, steroids, and in pregnancy. Dose: ask a qualified Ayurvedic doctor.","blood in stool, severe belly pain, weight loss, or no improvement in 2 weeks","Ministry of AYUSH, Ayurvedic Standard Treatment Guidelines (2017), Arsha Table 13.2; Parikartika Table 17.1; Mukhapaka Table 36.1. https://main.ayush.gov.in/ayurvedic-standard-treatment-guidelines/"
Occasional constipation,"Bisacodyl, senna (sennosides), lactulose, polyethylene glycol 3350, docusate, psyllium",Abhayarishta,Arishta (liquid),internal,"Contains natural alcohol (arishta, about 5–13%). Avoid in pregnancy, with liver disease, before driving, and with metronidazole/tinidazole. Laxative. Not for long-term use, children or pregnancy without a doctor's advice. Dose: ask a qualified Ayurvedic doctor.","blood in stool, severe belly pain, weight loss, or no improvement in 2 weeks","Ministry of AYUSH, Ayurvedic Standard Treatment Guidelines (2017), Arsha Table 13.2; Parikartika Table 17.1; Mukhapaka Table 36.1. https://main.ayush.gov.in/ayurvedic-standard-treatment-guidelines/"
Occasional constipation,"Bisacodyl, senna (sennosides), lactulose, polyethylene glycol 3350, docusate, psyllium",Castor oil (eranda taila),Oil,internal,Strong laxative. Not in pregnancy (can trigger labour) or for children. Dose: ask a qualified Ayurvedic doctor.,"blood in stool, severe belly pain, weight loss, or no improvement in 2 weeks","Ministry of AYUSH, Ayurvedic Standard Treatment Guidelines (2017), Arsha Table 13.2; Parikartika Table 17.1; Mukhapaka Table 36.1. https://main.ayush.gov.in/ayurvedic-standard-treatment-guidelines/"
"Loose motions (mild, adults)","Loperamide, bismuth subsalicylate, racecadotril; oral rehydration salts (ORS)",Kutaja ghana vati,Tablet,internal,Little safety research exists; avoid in pregnancy and check with a doctor if you take regular medicines. Dose: ask a qualified Ayurvedic doctor.,"blood in stool, high fever, signs of dehydration, a child or older adult, or lasting more than 2 days (use ORS meanwhile)","Ministry of AYUSH, Ayurvedic Standard Treatment Guidelines (2017), Atisara, Table 14.2. https://main.ayush.gov.in/ayurvedic-standard-treatment-guidelines/"
"Loose motions (mild, adults)","Loperamide, bismuth subsalicylate, racecadotril; oral rehydration salts (ORS)",Kutaja churna,Powder,internal,Little safety research exists; avoid in pregnancy and check with a doctor if you take regular medicines. Dose: ask a qualified Ayurvedic doctor.,"blood in stool, high fever, signs of dehydration, a child or older adult, or lasting more than 2 days (use ORS meanwhile)","Ministry of AYUSH, Ayurvedic Standard Treatment Guidelines (2017), Atisara, Table 14.2. https://main.ayush.gov.in/ayurvedic-standard-treatment-guidelines/"
"Loose motions (mild, adults)","Loperamide, bismuth subsalicylate, racecadotril; oral rehydration salts (ORS)",Kutajarishta,Arishta (liquid),internal,"Contains natural alcohol (arishta, about 5–13%). Avoid in pregnancy, with liver disease, before driving, and with metronidazole/tinidazole. Dose: ask a qualified Ayurvedic doctor.","blood in stool, high fever, signs of dehydration, a child or older adult, or lasting more than 2 days (use ORS meanwhile)","Ministry of AYUSH, Ayurvedic Standard Treatment Guidelines (2017), Atisara, Table 14.2. https://main.ayush.gov.in/ayurvedic-standard-treatment-guidelines/"
"Loose motions (mild, adults)","Loperamide, bismuth subsalicylate, racecadotril; oral rehydration salts (ORS)",Bilwadi gutika,Tablet,internal,Little safety research exists; avoid in pregnancy and check with a doctor if you take regular medicines. Dose: ask a qualified Ayurvedic doctor.,"blood in stool, high fever, signs of dehydration, a child or older adult, or lasting more than 2 days (use ORS meanwhile)","Ministry of AYUSH, Ayurvedic Standard Treatment Guidelines (2017), Atisara, Table 14.2. https://main.ayush.gov.in/ayurvedic-standard-treatment-guidelines/"
"Loose motions (mild, adults)","Loperamide, bismuth subsalicylate, racecadotril; oral rehydration salts (ORS)",Bilwamoola churna,Powder,internal,Little safety research exists; avoid in pregnancy and check with a doctor if you take regular medicines. Dose: ask a qualified Ayurvedic doctor.,"blood in stool, high fever, signs of dehydration, a child or older adult, or lasting more than 2 days (use ORS meanwhile)","Ministry of AYUSH, Ayurvedic Standard Treatment Guidelines (2017), Atisara, Table 14.2. https://main.ayush.gov.in/ayurvedic-standard-treatment-guidelines/"
"Loose motions (mild, adults)","Loperamide, bismuth subsalicylate, racecadotril; oral rehydration salts (ORS)",Dadimashtaka churna,Powder,internal,About half sugar by weight; count it if you watch blood sugar. Dose: ask a qualified Ayurvedic doctor.,"blood in stool, high fever, signs of dehydration, a child or older adult, or lasting more than 2 days (use ORS meanwhile)","Ministry of AYUSH, Ayurvedic Standard Treatment Guidelines (2017), Atisara, Table 14.2. https://main.ayush.gov.in/ayurvedic-standard-treatment-guidelines/"
"Loose motions (mild, adults)","Loperamide, bismuth subsalicylate, racecadotril; oral rehydration salts (ORS)",Dadima phala twak churna (pomegranate rind),Powder,internal,Little safety research exists; avoid in pregnancy and check with a doctor if you take regular medicines. Dose: ask a qualified Ayurvedic doctor.,"blood in stool, high fever, signs of dehydration, a child or older adult, or lasting more than 2 days (use ORS meanwhile)","Ministry of AYUSH, Ayurvedic Standard Treatment Guidelines (2017), Atisara, Table 14.2. https://main.ayush.gov.in/ayurvedic-standard-treatment-guidelines/"
"Loose motions (mild, adults)","Loperamide, bismuth subsalicylate, racecadotril; oral rehydration salts (ORS)",Musta churna,Powder,internal,Little safety research exists; avoid in pregnancy and check with a doctor if you take regular medicines. Dose: ask a qualified Ayurvedic doctor.,"blood in stool, high fever, signs of dehydration, a child or older adult, or lasting more than 2 days (use ORS meanwhile)","Ministry of AYUSH, Ayurvedic Standard Treatment Guidelines (2017), Atisara, Table 14.2. https://main.ayush.gov.in/ayurvedic-standard-treatment-guidelines/"
"Loose motions (mild, adults)","Loperamide, bismuth subsalicylate, racecadotril; oral rehydration salts (ORS)",Shunthi churna,Powder,internal,Ginger may add to the effect of blood thinners. Dose: ask a qualified Ayurvedic doctor.,"blood in stool, high fever, signs of dehydration, a child or older adult, or lasting more than 2 days (use ORS meanwhile)","Ministry of AYUSH, Ayurvedic Standard Treatment Guidelines (2017), Atisara, Table 14.2. https://main.ayush.gov.in/ayurvedic-standard-treatment-guidelines/"
Cough (short-term),"Dextromethorphan, guaifenesin, ambroxol, bromhexine, cough lozenges",Sitopaladi churna,Powder,internal (with honey),About half sugar by weight; count it if you watch blood sugar. Dose: ask a qualified Ayurvedic doctor.,"cough beyond 3 weeks, blood in phlegm, breathlessness, chest pain, or high fever","Ministry of AYUSH, Ayurvedic Standard Treatment Guidelines (2017), Kasa, Tables 1.2–1.5. https://main.ayush.gov.in/ayurvedic-standard-treatment-guidelines/"
Cough (short-term),"Dextromethorphan, guaifenesin, ambroxol, bromhexine, cough lozenges",Yashtimadhu churna,Powder,internal (with honey),"Contains licorice (mulethi): can raise blood pressure and lower potassium. Avoid with BP or heart medicines, water tablets, steroids, and in pregnancy. Dose: ask a qualified Ayurvedic doctor.","cough beyond 3 weeks, blood in phlegm, breathlessness, chest pain, or high fever","Ministry of AYUSH, Ayurvedic Standard Treatment Guidelines (2017), Kasa, Tables 1.2–1.5. https://main.ayush.gov.in/ayurvedic-standard-treatment-guidelines/"
Cough (short-term),"Dextromethorphan, guaifenesin, ambroxol, bromhexine, cough lozenges",Talishadi churna,Powder,internal,"About half sugar by weight; count it if you watch blood sugar. Contains pepper/long pepper (piperine), which can change blood levels of many prescription medicines. Ask a pharmacist if you take any. Dose: ask a qualified Ayurvedic doctor.","cough beyond 3 weeks, blood in phlegm, breathlessness, chest pain, or high fever","Ministry of AYUSH, Ayurvedic Standard Treatment Guidelines (2017), Kasa, Tables 1.2–1.5. https://main.ayush.gov.in/ayurvedic-standard-treatment-guidelines/"
Cough (short-term),"Dextromethorphan, guaifenesin, ambroxol, bromhexine, cough lozenges",Vasa swarasa / Vasa churna,Juice / powder,internal,Vasa (adhatoda) is not for use in pregnancy. Dose: ask a qualified Ayurvedic doctor.,"cough beyond 3 weeks, blood in phlegm, breathlessness, chest pain, or high fever","Ministry of AYUSH, Ayurvedic Standard Treatment Guidelines (2017), Kasa, Tables 1.2–1.5. https://main.ayush.gov.in/ayurvedic-standard-treatment-guidelines/"
Cough (short-term),"Dextromethorphan, guaifenesin, ambroxol, bromhexine, cough lozenges",Bibhitaki churna with Pippali churna,Powder,internal,"Contains pepper/long pepper (piperine), which can change blood levels of many prescription medicines. Ask a pharmacist if you take any. Dose: ask a qualified Ayurvedic doctor.","cough beyond 3 weeks, blood in phlegm, breathlessness, chest pain, or high fever","Ministry of AYUSH, Ayurvedic Standard Treatment Guidelines (2017), Kasa, Tables 1.2–1.5. https://main.ayush.gov.in/ayurvedic-standard-treatment-guidelines/"
Cough (short-term),"Dextromethorphan, guaifenesin, ambroxol, bromhexine, cough lozenges",Bibhitaki kwatha,Decoction,internal,Little safety research exists; avoid in pregnancy and check with a doctor if you take regular medicines. Dose: ask a qualified Ayurvedic doctor.,"cough beyond 3 weeks, blood in phlegm, breathlessness, chest pain, or high fever","Ministry of AYUSH, Ayurvedic Standard Treatment Guidelines (2017), Kasa, Tables 1.2–1.5. https://main.ayush.gov.in/ayurvedic-standard-treatment-guidelines/"
Cough (short-term),"Dextromethorphan, guaifenesin, ambroxol, bromhexine, cough lozenges",Kantakaryadi kwatha,Decoction,internal,Little safety research exists; avoid in pregnancy and check with a doctor if you take regular medicines. Dose: ask a qualified Ayurvedic doctor.,"cough beyond 3 weeks, blood in phlegm, breathlessness, chest pain, or high fever","Ministry of AYUSH, Ayurvedic Standard Treatment Guidelines (2017), Kasa, Tables 1.2–1.5. https://main.ayush.gov.in/ayurvedic-standard-treatment-guidelines/"
Cough (short-term),"Dextromethorphan, guaifenesin, ambroxol, bromhexine, cough lozenges",Drakshadi leha,Herbal jam (avaleha),internal,About half sugar by weight; count it if you watch blood sugar. Dose: ask a qualified Ayurvedic doctor.,"cough beyond 3 weeks, blood in phlegm, breathlessness, chest pain, or high fever","Ministry of AYUSH, Ayurvedic Standard Treatment Guidelines (2017), Kasa, Tables 1.2–1.5. https://main.ayush.gov.in/ayurvedic-standard-treatment-guidelines/"
Cough (short-term),"Dextromethorphan, guaifenesin, ambroxol, bromhexine, cough lozenges",Agastya haritaki,Herbal jam (avaleha),internal,"About half sugar by weight; count it if you watch blood sugar. Laxative. Not for long-term use, children or pregnancy without a doctor's advice. Dose: ask a qualified Ayurvedic doctor.","cough beyond 3 weeks, blood in phlegm, breathlessness, chest pain, or high fever","Ministry of AYUSH, Ayurvedic Standard Treatment Guidelines (2017), Kasa, Tables 1.2–1.5. https://main.ayush.gov.in/ayurvedic-standard-treatment-guidelines/"
Cough (short-term),"Dextromethorphan, guaifenesin, ambroxol, bromhexine, cough lozenges",Trikatu with Vasa (with honey),Powder,internal,"Contains pepper/long pepper (piperine), which can change blood levels of many prescription medicines. Ask a pharmacist if you take any. Vasa (adhatoda) is not for use in pregnancy. Dose: ask a qualified Ayurvedic doctor.","cough beyond 3 weeks, blood in phlegm, breathlessness, chest pain, or high fever","Ministry of AYUSH, Ayurvedic Standard Treatment Guidelines (2017), Kasa, Tables 1.2–1.5. https://main.ayush.gov.in/ayurvedic-standard-treatment-guidelines/"
"Common cold: runny or blocked nose, sneezing","Cetirizine, levocetirizine, chlorphenamine, phenylephrine, pseudoephedrine, xylometazoline nasal spray, cold & flu combinations",Sitopaladi churna,Powder,internal,About half sugar by weight; count it if you watch blood sugar. Dose: ask a qualified Ayurvedic doctor.,"high fever, breathlessness, ear or face pain, or symptoms beyond 10 days","Ministry of AYUSH, Ayurvedic Standard Treatment Guidelines (2017), Pratishyaya, Table 37.1. https://main.ayush.gov.in/ayurvedic-standard-treatment-guidelines/"
"Common cold: runny or blocked nose, sneezing","Cetirizine, levocetirizine, chlorphenamine, phenylephrine, pseudoephedrine, xylometazoline nasal spray, cold & flu combinations",Talishadi churna,Powder,internal,"About half sugar by weight; count it if you watch blood sugar. Contains pepper/long pepper (piperine), which can change blood levels of many prescription medicines. Ask a pharmacist if you take any. Dose: ask a qualified Ayurvedic doctor.","high fever, breathlessness, ear or face pain, or symptoms beyond 10 days","Ministry of AYUSH, Ayurvedic Standard Treatment Guidelines (2017), Pratishyaya, Table 37.1. https://main.ayush.gov.in/ayurvedic-standard-treatment-guidelines/"
"Common cold: runny or blocked nose, sneezing","Cetirizine, levocetirizine, chlorphenamine, phenylephrine, pseudoephedrine, xylometazoline nasal spray, cold & flu combinations",Trikatu churna,Powder,internal,"Contains pepper/long pepper (piperine), which can change blood levels of many prescription medicines. Ask a pharmacist if you take any. Dose: ask a qualified Ayurvedic doctor.","high fever, breathlessness, ear or face pain, or symptoms beyond 10 days","Ministry of AYUSH, Ayurvedic Standard Treatment Guidelines (2017), Pratishyaya, Table 37.1. https://main.ayush.gov.in/ayurvedic-standard-treatment-guidelines/"
"Common cold: runny or blocked nose, sneezing","Cetirizine, levocetirizine, chlorphenamine, phenylephrine, pseudoephedrine, xylometazoline nasal spray, cold & flu combinations",Vyoshadi vati,Tablet,internal,"Contains pepper/long pepper (piperine), which can change blood levels of many prescription medicines. Ask a pharmacist if you take any. Dose: ask a qualified Ayurvedic doctor.","high fever, breathlessness, ear or face pain, or symptoms beyond 10 days","Ministry of AYUSH, Ayurvedic Standard Treatment Guidelines (2017), Pratishyaya, Table 37.1. https://main.ayush.gov.in/ayurvedic-standard-treatment-guidelines/"
"Common cold: runny or blocked nose, sneezing","Cetirizine, levocetirizine, chlorphenamine, phenylephrine, pseudoephedrine, xylometazoline nasal spray, cold & flu combinations",Lavangadi vati,Lozenge tablet,internal (suck),Little safety research exists; avoid in pregnancy and check with a doctor if you take regular medicines. Dose: ask a qualified Ayurvedic doctor.,"high fever, breathlessness, ear or face pain, or symptoms beyond 10 days","Ministry of AYUSH, Ayurvedic Standard Treatment Guidelines (2017), Pratishyaya, Table 37.1. https://main.ayush.gov.in/ayurvedic-standard-treatment-guidelines/"
"Common cold: runny or blocked nose, sneezing","Cetirizine, levocetirizine, chlorphenamine, phenylephrine, pseudoephedrine, xylometazoline nasal spray, cold & flu combinations",Gojihvadi kwatha,Decoction,internal,Little safety research exists; avoid in pregnancy and check with a doctor if you take regular medicines. Dose: ask a qualified Ayurvedic doctor.,"high fever, breathlessness, ear or face pain, or symptoms beyond 10 days","Ministry of AYUSH, Ayurvedic Standard Treatment Guidelines (2017), Pratishyaya, Table 37.1. https://main.ayush.gov.in/ayurvedic-standard-treatment-guidelines/"
"Common cold: runny or blocked nose, sneezing","Cetirizine, levocetirizine, chlorphenamine, phenylephrine, pseudoephedrine, xylometazoline nasal spray, cold & flu combinations",Dashamoola kwatha,Decoction,internal,Little safety research exists; avoid in pregnancy and check with a doctor if you take regular medicines. Dose: ask a qualified Ayurvedic doctor.,"high fever, breathlessness, ear or face pain, or symptoms beyond 10 days","Ministry of AYUSH, Ayurvedic Standard Treatment Guidelines (2017), Pratishyaya, Table 37.1. https://main.ayush.gov.in/ayurvedic-standard-treatment-guidelines/"
"Common cold: runny or blocked nose, sneezing","Cetirizine, levocetirizine, chlorphenamine, phenylephrine, pseudoephedrine, xylometazoline nasal spray, cold & flu combinations",Haridra khanda,Granules,internal,Turmeric may add to the effect of blood thinners; not in pregnancy at medicinal doses. About half sugar by weight; count it if you watch blood sugar. Dose: ask a qualified Ayurvedic doctor.,"high fever, breathlessness, ear or face pain, or symptoms beyond 10 days","Ministry of AYUSH, Ayurvedic Standard Treatment Guidelines (2017), Pratishyaya, Table 37.1. https://main.ayush.gov.in/ayurvedic-standard-treatment-guidelines/"
"Common cold: runny or blocked nose, sneezing","Cetirizine, levocetirizine, chlorphenamine, phenylephrine, pseudoephedrine, xylometazoline nasal spray, cold & flu combinations",Vasavaleha,Herbal jam (avaleha),internal,Vasa (adhatoda) is not for use in pregnancy. About half sugar by weight; count it if you watch blood sugar. Dose: ask a qualified Ayurvedic doctor.,"high fever, breathlessness, ear or face pain, or symptoms beyond 10 days","Ministry of AYUSH, Ayurvedic Standard Treatment Guidelines (2017), Pratishyaya, Table 37.1. https://main.ayush.gov.in/ayurvedic-standard-treatment-guidelines/"
"Common cold: runny or blocked nose, sneezing","Cetirizine, levocetirizine, chlorphenamine, phenylephrine, pseudoephedrine, xylometazoline nasal spray, cold & flu combinations",Drakshavaleha,Herbal jam (avaleha),internal,About half sugar by weight; count it if you watch blood sugar. Dose: ask a qualified Ayurvedic doctor.,"high fever, breathlessness, ear or face pain, or symptoms beyond 10 days","Ministry of AYUSH, Ayurvedic Standard Treatment Guidelines (2017), Pratishyaya, Table 37.1. https://main.ayush.gov.in/ayurvedic-standard-treatment-guidelines/"
"Common cold: runny or blocked nose, sneezing","Cetirizine, levocetirizine, chlorphenamine, phenylephrine, pseudoephedrine, xylometazoline nasal spray, cold & flu combinations",Chitraka haritaki avaleha,Herbal jam (avaleha),internal,"About half sugar by weight; count it if you watch blood sugar. Laxative. Not for long-term use, children or pregnancy without a doctor's advice. Dose: ask a qualified Ayurvedic doctor.","high fever, breathlessness, ear or face pain, or symptoms beyond 10 days","Ministry of AYUSH, Ayurvedic Standard Treatment Guidelines (2017), Pratishyaya, Table 37.1. https://main.ayush.gov.in/ayurvedic-standard-treatment-guidelines/"
Occasional tension-type headache,"Paracetamol, ibuprofen, aspirin",Pathyadi kwatha,Decoction,internal,"Laxative. Not for long-term use, children or pregnancy without a doctor's advice. Dose: ask a qualified Ayurvedic doctor.","sudden severe headache, headache with fever and stiff neck, weakness, vision change, or after a head injury","Ministry of AYUSH, Ayurvedic Standard Treatment Guidelines (2017), Shiroroga, Table 38.2. https://main.ayush.gov.in/ayurvedic-standard-treatment-guidelines/"
Occasional tension-type headache,"Paracetamol, ibuprofen, aspirin",Cow's ghee nasal drops (Gau ghrita nasya),Ghee,nasal drops,Little safety research exists; avoid in pregnancy and check with a doctor if you take regular medicines. Dose: ask a qualified Ayurvedic doctor.,"sudden severe headache, headache with fever and stiff neck, weakness, vision change, or after a head injury","Ministry of AYUSH, Ayurvedic Standard Treatment Guidelines (2017), Shiroroga, Table 38.2. https://main.ayush.gov.in/ayurvedic-standard-treatment-guidelines/"
Occasional lower-back stiffness or ache,"Ibuprofen, naproxen, diclofenac gel, methyl salicylate rubs",Yogaraja guggulu,Tablet,internal,Guggulu: avoid in pregnancy; may interact with BP and thyroid medicines. Buy from a licensed maker (heavy-metal contamination has been found in some products). Dose: ask a qualified Ayurvedic doctor.,"numbness, leg weakness, loss of bladder or bowel control, fever, or pain after a fall","Ministry of AYUSH, Ayurvedic Standard Treatment Guidelines (2017), Katigraha, Table 28.1. https://main.ayush.gov.in/ayurvedic-standard-treatment-guidelines/"
Occasional lower-back stiffness or ache,"Ibuprofen, naproxen, diclofenac gel, methyl salicylate rubs",Simhanada guggulu,Tablet,internal,"Guggulu: avoid in pregnancy; may interact with BP and thyroid medicines. Buy from a licensed maker (heavy-metal contamination has been found in some products). Laxative. Not for long-term use, children or pregnancy without a doctor's advice. Dose: ask a qualified Ayurvedic doctor.","numbness, leg weakness, loss of bladder or bowel control, fever, or pain after a fall","Ministry of AYUSH, Ayurvedic Standard Treatment Guidelines (2017), Katigraha, Table 28.1. https://main.ayush.gov.in/ayurvedic-standard-treatment-guidelines/"
Occasional lower-back stiffness or ache,"Ibuprofen, naproxen, diclofenac gel, methyl salicylate rubs",Rasnasaptakam kashaya,Decoction,internal,Little safety research exists; avoid in pregnancy and check with a doctor if you take regular medicines. Dose: ask a qualified Ayurvedic doctor.,"numbness, leg weakness, loss of bladder or bowel control, fever, or pain after a fall","Ministry of AYUSH, Ayurvedic Standard Treatment Guidelines (2017), Katigraha, Table 28.1. https://main.ayush.gov.in/ayurvedic-standard-treatment-guidelines/"
Occasional lower-back stiffness or ache,"Ibuprofen, naproxen, diclofenac gel, methyl salicylate rubs",Dashamoola kashaya,Decoction,internal,Little safety research exists; avoid in pregnancy and check with a doctor if you take regular medicines. Dose: ask a qualified Ayurvedic doctor.,"numbness, leg weakness, loss of bladder or bowel control, fever, or pain after a fall","Ministry of AYUSH, Ayurvedic Standard Treatment Guidelines (2017), Katigraha, Table 28.1. https://main.ayush.gov.in/ayurvedic-standard-treatment-guidelines/"
Occasional lower-back stiffness or ache,"Ibuprofen, naproxen, diclofenac gel, methyl salicylate rubs",Rasna churna,Powder,internal,Little safety research exists; avoid in pregnancy and check with a doctor if you take regular medicines. Dose: ask a qualified Ayurvedic doctor.,"numbness, leg weakness, loss of bladder or bowel control, fever, or pain after a fall","Ministry of AYUSH, Ayurvedic Standard Treatment Guidelines (2017), Katigraha, Table 28.1. https://main.ayush.gov.in/ayurvedic-standard-treatment-guidelines/"
Occasional lower-back stiffness or ache,"Ibuprofen, naproxen, diclofenac gel, methyl salicylate rubs",Ashwagandha churna with Pippalimoola churna,Powder,internal,"Ashwagandha: avoid in pregnancy, thyroid or autoimmune conditions, and before surgery; rare liver injury reported. Contains pepper/long pepper (piperine), which can change blood levels of many prescription medicines. Ask a pharmacist if you take any. Dose: ask a qualified Ayurvedic doctor.","numbness, leg weakness, loss of bladder or bowel control, fever, or pain after a fall","Ministry of AYUSH, Ayurvedic Standard Treatment Guidelines (2017), Katigraha, Table 28.1. https://main.ayush.gov.in/ayurvedic-standard-treatment-guidelines/"
Occasional lower-back stiffness or ache,"Ibuprofen, naproxen, diclofenac gel, methyl salicylate rubs",Shunthi churna,Powder,internal,Ginger may add to the effect of blood thinners. Dose: ask a qualified Ayurvedic doctor.,"numbness, leg weakness, loss of bladder or bowel control, fever, or pain after a fall","Ministry of AYUSH, Ayurvedic Standard Treatment Guidelines (2017), Katigraha, Table 28.1. https://main.ayush.gov.in/ayurvedic-standard-treatment-guidelines/"
Occasional lower-back stiffness or ache,"Ibuprofen, naproxen, diclofenac gel, methyl salicylate rubs",Murivenna / Dhanwantharam taila / Nirgundyadi taila / Bala taila,Oil,external massage,For external use only; stop if the skin becomes irritated. Dose: ask a qualified Ayurvedic doctor.,"numbness, leg weakness, loss of bladder or bowel control, fever, or pain after a fall","Ministry of AYUSH, Ayurvedic Standard Treatment Guidelines (2017), Katigraha, Table 28.1. https://main.ayush.gov.in/ayurvedic-standard-treatment-guidelines/"
Occasional joint stiffness (massage oils),"Diclofenac gel, methyl salicylate / menthol rubs",Mahanarayana taila,Oil,external massage,For external use only; stop if the skin becomes irritated. Dose: ask a qualified Ayurvedic doctor.,"a hot, red or swollen joint, fever, or stiffness lasting all morning","Ministry of AYUSH, Ayurvedic Standard Treatment Guidelines (2017), Sandhigata vata, Table 31.1 (local application). https://main.ayush.gov.in/ayurvedic-standard-treatment-guidelines/"
Occasional joint stiffness (massage oils),"Diclofenac gel, methyl salicylate / menthol rubs",Bala taila,Oil,external massage,For external use only; stop if the skin becomes irritated. Dose: ask a qualified Ayurvedic doctor.,"a hot, red or swollen joint, fever, or stiffness lasting all morning","Ministry of AYUSH, Ayurvedic Standard Treatment Guidelines (2017), Sandhigata vata, Table 31.1 (local application). https://main.ayush.gov.in/ayurvedic-standard-treatment-guidelines/"
Occasional joint stiffness (massage oils),"Diclofenac gel, methyl salicylate / menthol rubs",Sahachara taila,Oil,external massage,For external use only; stop if the skin becomes irritated. Dose: ask a qualified Ayurvedic doctor.,"a hot, red or swollen joint, fever, or stiffness lasting all morning","Ministry of AYUSH, Ayurvedic Standard Treatment Guidelines (2017), Sandhigata vata, Table 31.1 (local application). https://main.ayush.gov.in/ayurvedic-standard-treatment-guidelines/"
Occasional joint stiffness (massage oils),"Diclofenac gel, methyl salicylate / menthol rubs",Nirgundi taila,Oil,external massage,For external use only; stop if the skin becomes irritated. Dose: ask a qualified Ayurvedic doctor.,"a hot, red or swollen joint, fever, or stiffness lasting all morning","Ministry of AYUSH, Ayurvedic Standard Treatment Guidelines (2017), Sandhigata vata, Table 31.1 (local application). https://main.ayush.gov.in/ayurvedic-standard-treatment-guidelines/"
Occasional joint stiffness (massage oils),"Diclofenac gel, methyl salicylate / menthol rubs",Dhanvantara taila,Oil,external massage,For external use only; stop if the skin becomes irritated. Dose: ask a qualified Ayurvedic doctor.,"a hot, red or swollen joint, fever, or stiffness lasting all morning","Ministry of AYUSH, Ayurvedic Standard Treatment Guidelines (2017), Sandhigata vata, Table 31.1 (local application). https://main.ayush.gov.in/ayurvedic-standard-treatment-guidelines/"
Occasional joint stiffness (massage oils),"Diclofenac gel, methyl salicylate / menthol rubs",Kottamchukkadi taila,Oil,external massage,For external use only; stop if the skin becomes irritated. Dose: ask a qualified Ayurvedic doctor.,"a hot, red or swollen joint, fever, or stiffness lasting all morning","Ministry of AYUSH, Ayurvedic Standard Treatment Guidelines (2017), Sandhigata vata, Table 31.1 (local application). https://main.ayush.gov.in/ayurvedic-standard-treatment-guidelines/"
Occasional trouble sleeping,"Diphenhydramine, doxylamine, melatonin",Ashwagandhadi churna (with milk at bedtime),Powder,internal,"Ashwagandha: avoid in pregnancy, thyroid or autoimmune conditions, and before surgery; rare liver injury reported. May add to drowsiness from sleeping pills, alcohol or antihistamines. Dose: ask a qualified Ayurvedic doctor.","trouble sleeping most nights for more than 4 weeks, loud snoring with pauses, or low mood","Ministry of AYUSH, Ayurvedic Standard Treatment Guidelines (2017), Anidra, Table 18.1. https://main.ayush.gov.in/ayurvedic-standard-treatment-guidelines/"
Occasional trouble sleeping,"Diphenhydramine, doxylamine, melatonin",Tagara churna,Powder,internal,"May add to drowsiness from sleeping pills, alcohol or antihistamines. Little safety research exists; avoid in pregnancy and check with a doctor if you take regular medicines. Dose: ask a qualified Ayurvedic doctor.","trouble sleeping most nights for more than 4 weeks, loud snoring with pauses, or low mood","Ministry of AYUSH, Ayurvedic Standard Treatment Guidelines (2017), Anidra, Table 18.1. https://main.ayush.gov.in/ayurvedic-standard-treatment-guidelines/"
Occasional trouble sleeping,"Diphenhydramine, doxylamine, melatonin",Jatiphala churna (nutmeg),Powder,internal,"Nutmeg is toxic in large amounts; keep strictly to the advised dose and away from children. May add to drowsiness from sleeping pills, alcohol or antihistamines. Dose: ask a qualified Ayurvedic doctor.","trouble sleeping most nights for more than 4 weeks, loud snoring with pauses, or low mood","Ministry of AYUSH, Ayurvedic Standard Treatment Guidelines (2017), Anidra, Table 18.1. https://main.ayush.gov.in/ayurvedic-standard-treatment-guidelines/"
Occasional trouble sleeping,"Diphenhydramine, doxylamine, melatonin",Pippalimula churna,Powder,internal,"Contains pepper/long pepper (piperine), which can change blood levels of many prescription medicines. Ask a pharmacist if you take any. Dose: ask a qualified Ayurvedic doctor.","trouble sleeping most nights for more than 4 weeks, loud snoring with pauses, or low mood","Ministry of AYUSH, Ayurvedic Standard Treatment Guidelines (2017), Anidra, Table 18.1. https://main.ayush.gov.in/ayurvedic-standard-treatment-guidelines/"
Occasional trouble sleeping,"Diphenhydramine, doxylamine, melatonin",Saraswata churna,Powder,internal,"May add to drowsiness from sleeping pills, alcohol or antihistamines. Little safety research exists; avoid in pregnancy and check with a doctor if you take regular medicines. Dose: ask a qualified Ayurvedic doctor.","trouble sleeping most nights for more than 4 weeks, loud snoring with pauses, or low mood","Ministry of AYUSH, Ayurvedic Standard Treatment Guidelines (2017), Anidra, Table 18.1. https://main.ayush.gov.in/ayurvedic-standard-treatment-guidelines/"
Mouth ulcers (minor),"Choline salicylate gel, benzocaine gel, antiseptic mouthwash",Honey gargle (kshaudra),Liquid,gargle,No specific caution found; avoid in pregnancy unless a doctor advises. Dose: ask a qualified Ayurvedic doctor.,"an ulcer lasting more than 3 weeks, a painless white or red patch, or ulcers with fever","Ministry of AYUSH, Ayurvedic Standard Treatment Guidelines (2017), Mukhapaka, Table 36.1. https://main.ayush.gov.in/ayurvedic-standard-treatment-guidelines/"
Mouth ulcers (minor),"Choline salicylate gel, benzocaine gel, antiseptic mouthwash",Jatipatra (jasmine leaf) paste,Paste,apply in mouth,Apply in the mouth only; do not swallow large amounts. Dose: ask a qualified Ayurvedic doctor.,"an ulcer lasting more than 3 weeks, a painless white or red patch, or ulcers with fever","Ministry of AYUSH, Ayurvedic Standard Treatment Guidelines (2017), Mukhapaka, Table 36.1. https://main.ayush.gov.in/ayurvedic-standard-treatment-guidelines/"
Mouth ulcers (minor),"Choline salicylate gel, benzocaine gel, antiseptic mouthwash","Yashtimadhu churna with Gairika, in honey and ghee",Powder,apply in mouth,Apply in the mouth only; do not swallow large amounts. Dose: ask a qualified Ayurvedic doctor.,"an ulcer lasting more than 3 weeks, a painless white or red patch, or ulcers with fever","Ministry of AYUSH, Ayurvedic Standard Treatment Guidelines (2017), Mukhapaka, Table 36.1. https://main.ayush.gov.in/ayurvedic-standard-treatment-guidelines/"
Mouth ulcers (minor),"Choline salicylate gel, benzocaine gel, antiseptic mouthwash",Darvighana with Gairika,Powder,apply in mouth,Apply in the mouth only; do not swallow large amounts. Dose: ask a qualified Ayurvedic doctor.,"an ulcer lasting more than 3 weeks, a painless white or red patch, or ulcers with fever","Ministry of AYUSH, Ayurvedic Standard Treatment Guidelines (2017), Mukhapaka, Table 36.1. https://main.ayush.gov.in/ayurvedic-standard-treatment-guidelines/"
Mouth ulcers (minor),"Choline salicylate gel, benzocaine gel, antiseptic mouthwash",Samshamani vati (guduchi),Tablet,internal,Giloy (guduchi): liver injury has been reported; avoid with liver or autoimmune conditions. Dose: ask a qualified Ayurvedic doctor.,"an ulcer lasting more than 3 weeks, a painless white or red patch, or ulcers with fever","Ministry of AYUSH, Ayurvedic Standard Treatment Guidelines (2017), Mukhapaka, Table 36.1. https://main.ayush.gov.in/ayurvedic-standard-treatment-guidelines/"
Mouth ulcers (minor),"Choline salicylate gel, benzocaine gel, antiseptic mouthwash",Swadishta virechana churna,Powder,internal (at night),"Senna-based laxative. Not in pregnancy, breastfeeding or under 12; not for long-term use. Contains licorice (mulethi): can raise blood pressure and lower potassium. Avoid with BP or heart medicines, water tablets, steroids, and in pregnancy. Dose: ask a qualified Ayurvedic doctor.","an ulcer lasting more than 3 weeks, a painless white or red patch, or ulcers with fever","Ministry of AYUSH, Ayurvedic Standard Treatment Guidelines (2017), Mukhapaka, Table 36.1. https://main.ayush.gov.in/ayurvedic-standard-treatment-guidelines/"
Gum care (sore or swollen gums),"Chlorhexidine mouthwash, antiseptic gum gels",Panchavalkala kwatha,Decoction,gargle,Apply in the mouth only; do not swallow large amounts. Dose: ask a qualified Ayurvedic doctor.,"gums that bleed easily without brushing, loose teeth, or swelling of the face","Ministry of AYUSH, Ayurvedic Standard Treatment Guidelines (2017), Dantaveshta, Table 35.1. https://main.ayush.gov.in/ayurvedic-standard-treatment-guidelines/"
Gum care (sore or swollen gums),"Chlorhexidine mouthwash, antiseptic gum gels",Kshiri vriksha kashaya,Decoction,"hold in mouth, then spit",Apply in the mouth only; do not swallow large amounts. Dose: ask a qualified Ayurvedic doctor.,"gums that bleed easily without brushing, loose teeth, or swelling of the face","Ministry of AYUSH, Ayurvedic Standard Treatment Guidelines (2017), Dantaveshta, Table 35.1. https://main.ayush.gov.in/ayurvedic-standard-treatment-guidelines/"
Gum care (sore or swollen gums),"Chlorhexidine mouthwash, antiseptic gum gels",Dashana samskara churna,Powder,rub on gums,Apply in the mouth only; do not swallow large amounts. Dose: ask a qualified Ayurvedic doctor.,"gums that bleed easily without brushing, loose teeth, or swelling of the face","Ministry of AYUSH, Ayurvedic Standard Treatment Guidelines (2017), Dantaveshta, Table 35.1. https://main.ayush.gov.in/ayurvedic-standard-treatment-guidelines/"
Gum care (sore or swollen gums),"Chlorhexidine mouthwash, antiseptic gum gels",Kalaka churna,Powder,rub on gums,Apply in the mouth only; do not swallow large amounts. Dose: ask a qualified Ayurvedic doctor.,"gums that bleed easily without brushing, loose teeth, or swelling of the face","Ministry of AYUSH, Ayurvedic Standard Treatment Guidelines (2017), Dantaveshta, Table 35.1. https://main.ayush.gov.in/ayurvedic-standard-treatment-guidelines/"
Gum care (sore or swollen gums),"Chlorhexidine mouthwash, antiseptic gum gels",Pitaka churna,Powder,rub on gums,Apply in the mouth only; do not swallow large amounts. Dose: ask a qualified Ayurvedic doctor.,"gums that bleed easily without brushing, loose teeth, or swelling of the face","Ministry of AYUSH, Ayurvedic Standard Treatment Guidelines (2017), Dantaveshta, Table 35.1. https://main.ayush.gov.in/ayurvedic-standard-treatment-guidelines/"
